Product,Category,Price,Quantity,Sales,Month
Apple,PlayStation,734,6,4404,Apr
HP,iPhone,716,3,2148,Nov
Apple,PlayStation,768,8,6144,Dec
Apple,Laptop,701,10,7010,Oct
Samsung,iPhone,505,9,4545,Oct
Apple,Laptop,989,8,7912,Aug
HP,Laptop,650,5,3250,Apr
Apple,Laptop,172,7,1204,Jan
Nike,PlayStation,565,4,2260,Jul
Apple,Galaxy,615,10,6150,Mar
HP,Shoes,220,2,440,Jun
Samsung,Galaxy,558,9,5022,Feb
Nike,iPhone,760,3,2280,Jun
HP,iPhone,220,3,660,Mar
Samsung,Shoes,505,7,3535,Mar
Sony,iPhone,667,4,2668,Aug
HP,Shoes,366,2,732,Sep
Apple,iPhone,590,2,1180,Oct
Apple,Laptop,181,9,1629,Jul
Nike,PlayStation,940,4,3760,Mar
Samsung,Galaxy,754,4,3016,Jul
Nike,PlayStation,109,1,109,Jan
HP,Galaxy,325,10,3250,Sep
Sony,Laptop,346,5,1730,Aug
Sony,iPhone,838,9,7542,Aug
Sony,Shoes,163,4,652,Sep
Nike,Galaxy,189,10,1890,Nov
Apple,Galaxy,879,10,8790,Mar
Samsung,Galaxy,952,3,2856,Jan
Nike,Shoes,716,2,1432,Jun
Samsung,Laptop,472,1,472,Sep
Samsung,Laptop,175,10,1750,Dec
Nike,Galaxy,938,8,7504,Jul
HP,Laptop,213,9,1917,Dec
Apple,PlayStation,785,3,2355,May
Apple,Galaxy,577,2,1154,Nov
Apple,Galaxy,188,5,940,Feb
Nike,PlayStation,460,8,3680,Oct
Nike,PlayStation,306,9,2754,Jul
HP,Galaxy,985,7,6895,Sep
Sony,Laptop,573,4,2292,Dec
Apple,PlayStation,581,9,5229,Mar
Nike,Shoes,310,6,1860,Mar
Samsung,iPhone,687,3,2061,Jul
Sony,PlayStation,197,4,788,Sep
Nike,Laptop,356,3,1068,Feb
Samsung,Laptop,354,7,2478,Apr
Apple,Galaxy,717,8,5736,Jul
Sony,Galaxy,953,3,2859,Dec
HP,PlayStation,371,2,742,Sep
Sony,Laptop,964,2,1928,Jun
Samsung,Galaxy,755,9,6795,Nov
Apple,Shoes,867,7,6069,Aug
Nike,iPhone,650,2,1300,Dec
Sony,Galaxy,963,2,1926,Jan
Nike,PlayStation,449,10,4490,Oct
HP,Laptop,212,4,848,Nov
Nike,Galaxy,876,10,8760,Feb
Sony,Galaxy,428,9,3852,May
HP,PlayStation,112,10,1120,Oct
Sony,PlayStation,484,9,4356,Sep
Sony,PlayStation,796,8,6368,Aug
Samsung,PlayStation,521,1,521,Feb
Samsung,Laptop,818,10,8180,Jul
Apple,Galaxy,464,6,2784,Jan
Apple,Shoes,911,3,2733,Oct
Sony,PlayStation,107,2,214,Nov
Nike,iPhone,120,8,960,Jan
HP,Galaxy,132,9,1188,Jun
HP,Laptop,683,9,6147,Apr
Samsung,Galaxy,879,8,7032,Apr
Sony,Laptop,681,6,4086,Jul
HP,PlayStation,806,10,8060,Oct
Sony,PlayStation,941,3,2823,Sep
Apple,iPhone,750,6,4500,Sep
Apple,PlayStation,462,10,4620,Oct
Nike,iPhone,156,3,468,Oct
Sony,PlayStation,862,1,862,Jun
Sony,Laptop,600,7,4200,Dec
Samsung,Galaxy,435,7,3045,Feb
Nike,Galaxy,918,2,1836,Dec
Sony,PlayStation,486,8,3888,Feb
Samsung,Galaxy,282,8,2256,Jun
HP,Shoes,103,1,103,Aug
Apple,Galaxy,785,4,3140,Dec
Samsung,PlayStation,837,2,1674,Dec
Apple,iPhone,105,5,525,Mar
Nike,iPhone,767,3,2301,Nov
Apple,Galaxy,284,7,1988,Dec
Apple,PlayStation,144,9,1296,Nov
Samsung,PlayStation,468,7,3276,Apr
Apple,Shoes,357,2,714,Aug
Sony,Shoes,813,2,1626,Dec
Apple,PlayStation,536,7,3752,Oct
Nike,Laptop,527,7,3689,Jun
Apple,Galaxy,244,10,2440,Jan
HP,Laptop,751,4,3004,Jan
Samsung,Laptop,107,8,856,Oct
Apple,Galaxy,560,7,3920,Feb
Apple,Shoes,137,3,411,May
Samsung,Laptop,596,1,596,Feb
Apple,iPhone,399,5,1995,May
HP,Laptop,521,6,3126,Dec
Nike,Galaxy,292,1,292,Nov
Apple,Laptop,377,4,1508,Apr
Nike,PlayStation,419,5,2095,Apr
HP,PlayStation,411,2,822,Apr
HP,Laptop,503,5,2515,Jun
Samsung,Laptop,955,10,9550,Dec
Nike,Laptop,612,4,2448,Jun
Nike,Galaxy,436,5,2180,Dec
HP,Laptop,213,4,852,Jan
Apple,iPhone,728,2,1456,Aug
Sony,Shoes,796,8,6368,Nov
Nike,PlayStation,641,8,5128,Jun
Apple,Galaxy,345,5,1725,Jul
Apple,iPhone,852,2,1704,Nov
Nike,PlayStation,194,10,1940,Oct
Apple,Laptop,130,1,130,Sep
Apple,Shoes,931,5,4655,May
Sony,PlayStation,504,3,1512,Jan
Samsung,Galaxy,330,1,330,Oct
Apple,PlayStation,488,1,488,Apr
Sony,Laptop,282,6,1692,Feb
Samsung,PlayStation,508,6,3048,Jul
Nike,iPhone,325,5,1625,Oct
Nike,Galaxy,706,3,2118,Feb
Nike,Galaxy,426,2,852,Dec
HP,iPhone,943,9,8487,Jan
Nike,Galaxy,982,8,7856,Sep
Apple,PlayStation,234,1,234,May
Nike,PlayStation,165,2,330,May
Apple,PlayStation,511,9,4599,Apr
Sony,Laptop,285,9,2565,Feb
Apple,Galaxy,751,6,4506,Oct
Apple,Galaxy,187,4,748,Nov
Apple,iPhone,781,10,7810,Oct
HP,Galaxy,321,1,321,Mar
Samsung,Shoes,941,2,1882,Nov
Nike,iPhone,577,2,1154,Mar
Sony,Laptop,151,5,755,Mar
Sony,Galaxy,129,2,258,Jul
HP,Galaxy,809,3,2427,May
HP,PlayStation,385,5,1925,Oct
Sony,Shoes,621,2,1242,Feb
Nike,Shoes,421,6,2526,Jun
Apple,iPhone,349,1,349,Jul
Sony,Galaxy,671,8,5368,Dec
Sony,Galaxy,496,2,992,Mar
Apple,Laptop,440,3,1320,Sep
Nike,Shoes,887,10,8870,Aug
Apple,Galaxy,170,5,850,Apr
Nike,Galaxy,304,1,304,Apr
Sony,Galaxy,194,1,194,Jan
Sony,Galaxy,349,8,2792,Jan
Sony,Shoes,786,9,7074,Dec
Sony,iPhone,377,5,1885,Jul
Apple,iPhone,885,4,3540,Sep
Apple,Shoes,944,1,944,Sep
Apple,PlayStation,285,6,1710,May
Sony,Shoes,517,9,4653,Feb
Nike,PlayStation,819,4,3276,Nov
Nike,Shoes,880,1,880,Apr
Sony,Galaxy,279,6,1674,Dec
Nike,iPhone,672,2,1344,Jan
Apple,Galaxy,158,1,158,Apr
Nike,iPhone,277,3,831,Sep
Apple,PlayStation,650,4,2600,Nov
Nike,Galaxy,554,7,3878,Nov
Sony,PlayStation,512,3,1536,Aug
Nike,Galaxy,938,7,6566,Dec
Sony,Galaxy,752,1,752,Aug
Nike,PlayStation,796,4,3184,Jun
Nike,Shoes,862,2,1724,May
Apple,Shoes,410,7,2870,Jul
HP,Shoes,697,1,697,Jul
HP,iPhone,143,8,1144,Apr
Apple,Laptop,432,6,2592,Dec
HP,Galaxy,866,2,1732,Oct
Nike,Shoes,785,8,6280,Feb
Nike,Galaxy,101,6,606,Jan
HP,Shoes,370,6,2220,Dec
Sony,PlayStation,274,4,1096,Sep
Apple,iPhone,894,8,7152,Dec
Sony,Laptop,457,8,3656,Dec
Apple,iPhone,954,4,3816,Jun
Nike,PlayStation,545,5,2725,May
Nike,Shoes,525,2,1050,Jul
Samsung,Galaxy,897,8,7176,May
Sony,Laptop,199,9,1791,Jan
Nike,Galaxy,849,2,1698,Apr
HP,Shoes,751,2,1502,Oct
Sony,PlayStation,495,1,495,Sep
Sony,Shoes,424,5,2120,May
Sony,Laptop,420,8,3360,Aug
Nike,Galaxy,855,9,7695,Dec
HP,PlayStation,311,7,2177,Jul
Nike,Laptop,738,4,2952,Nov
Apple,Laptop,176,10,1760,Aug
Nike,PlayStation,909,8,7272,Mar
Apple,Laptop,290,10,2900,Nov
Sony,iPhone,157,8,1256,Oct
Sony,PlayStation,373,6,2238,Jan
Sony,Galaxy,411,8,3288,Sep
Samsung,Laptop,402,1,402,Dec
HP,Shoes,331,4,1324,Aug
Apple,Galaxy,605,8,4840,Jan
Nike,iPhone,147,10,1470,Dec
Samsung,Laptop,454,4,1816,Sep
Sony,Galaxy,550,5,2750,Feb
Sony,Shoes,488,10,4880,Jan
HP,Galaxy,459,4,1836,Jan
HP,iPhone,429,10,4290,Feb
Sony,Laptop,728,3,2184,Nov
Apple,iPhone,228,2,456,Sep
Nike,Laptop,195,5,975,Apr
Nike,Laptop,360,9,3240,Sep
Nike,iPhone,831,5,4155,Aug
Sony,iPhone,502,1,502,May
HP,Laptop,894,10,8940,Nov
Nike,PlayStation,200,1,200,May
HP,Laptop,631,9,5679,Dec
HP,Galaxy,318,5,1590,Mar
Samsung,iPhone,450,2,900,Sep
HP,Laptop,471,3,1413,Apr
Sony,PlayStation,128,7,896,Mar
Samsung,Galaxy,217,3,651,Aug
Samsung,iPhone,677,3,2031,May
HP,Shoes,880,6,5280,Dec
HP,Shoes,961,3,2883,May
HP,PlayStation,566,1,566,Aug
Samsung,Laptop,737,3,2211,Jul
Nike,Galaxy,505,10,5050,Jun
Sony,Shoes,440,7,3080,Jun
Sony,PlayStation,634,2,1268,Dec
HP,Laptop,192,9,1728,Jun
Apple,PlayStation,214,9,1926,Jul
Samsung,Laptop,218,1,218,Aug
Sony,PlayStation,973,8,7784,Aug
Nike,PlayStation,537,10,5370,Feb
Samsung,Shoes,577,8,4616,Dec
Sony,Laptop,449,9,4041,Mar
Samsung,Galaxy,931,3,2793,Mar
Sony,iPhone,452,6,2712,Feb
Sony,PlayStation,641,2,1282,Sep
Nike,Laptop,730,9,6570,Dec
Apple,Laptop,279,5,1395,Aug
Nike,Shoes,183,9,1647,Sep
Apple,Laptop,351,1,351,Jan
HP,Laptop,206,10,2060,Aug
Nike,Shoes,975,7,6825,Feb
Sony,iPhone,675,1,675,Nov
Apple,PlayStation,700,2,1400,Mar
Samsung,iPhone,553,8,4424,Aug
HP,iPhone,483,5,2415,Jul
Nike,Shoes,325,10,3250,May
Nike,PlayStation,744,7,5208,Nov
Apple,Laptop,348,10,3480,Apr
Apple,PlayStation,415,2,830,Sep
Sony,Shoes,165,1,165,May
Sony,PlayStation,265,5,1325,Feb
Nike,Shoes,681,6,4086,Jan
Nike,Shoes,513,3,1539,Mar
Nike,Galaxy,912,5,4560,Dec
Nike,PlayStation,470,1,470,Sep
Apple,Shoes,378,2,756,Jun
Nike,PlayStation,207,9,1863,Jan
Apple,Shoes,624,7,4368,Dec
Nike,iPhone,629,1,629,Dec
Samsung,PlayStation,555,4,2220,May
HP,Shoes,272,8,2176,Jun
Sony,Laptop,238,10,2380,Jun
Apple,Laptop,557,1,557,Feb
HP,iPhone,783,10,7830,May
Apple,Galaxy,747,2,1494,Feb
Apple,iPhone,146,7,1022,Jun
Sony,Laptop,457,5,2285,Feb
Apple,iPhone,485,6,2910,Oct
Samsung,Laptop,942,7,6594,Aug
Sony,iPhone,811,7,5677,Dec
Samsung,iPhone,987,8,7896,May
Sony,Galaxy,519,9,4671,Dec
Apple,iPhone,152,9,1368,Apr
HP,PlayStation,325,7,2275,May
Samsung,PlayStation,538,3,1614,Aug
Samsung,iPhone,201,1,201,Mar
Samsung,Shoes,858,10,8580,Dec
Samsung,iPhone,206,2,412,Jan
Nike,Galaxy,153,3,459,Jul
Sony,Laptop,121,6,726,Jun
Nike,iPhone,781,6,4686,Jun
Nike,PlayStation,171,5,855,May
HP,Shoes,971,4,3884,May
Apple,iPhone,183,6,1098,Oct
Samsung,Shoes,473,8,3784,Dec
Samsung,Laptop,905,4,3620,Sep
HP,iPhone,249,5,1245,Sep
Nike,PlayStation,234,8,1872,Oct
Nike,Galaxy,416,1,416,Nov
Sony,Laptop,512,10,5120,Oct
Apple,Laptop,223,3,669,Sep
Samsung,Galaxy,387,3,1161,May
Sony,PlayStation,964,5,4820,Oct
Sony,Shoes,502,4,2008,Jul
Sony,Laptop,871,7,6097,Aug
Apple,Shoes,601,3,1803,Sep
Apple,Galaxy,223,5,1115,Nov
Samsung,PlayStation,406,8,3248,Dec
Samsung,PlayStation,969,3,2907,Oct
Apple,PlayStation,660,2,1320,Apr
Samsung,iPhone,895,8,7160,Jul
Sony,iPhone,695,2,1390,Dec
Nike,Laptop,315,5,1575,Mar
HP,iPhone,448,2,896,Mar
Sony,iPhone,358,3,1074,Jul
HP,Shoes,581,7,4067,Nov
Sony,iPhone,662,9,5958,Jun
Nike,Galaxy,890,5,4450,Jul
HP,Laptop,197,5,985,Feb
Nike,Shoes,622,1,622,Jan
Apple,PlayStation,225,1,225,Nov
HP,PlayStation,823,8,6584,Jun
Samsung,Shoes,270,1,270,Dec
Apple,Laptop,577,5,2885,Aug
Nike,Galaxy,932,1,932,Jun
Nike,Galaxy,392,5,1960,Oct
Sony,Laptop,534,10,5340,Feb
Sony,iPhone,986,4,3944,Aug
Nike,Shoes,742,10,7420,Mar
HP,PlayStation,328,3,984,Dec
Sony,Galaxy,102,8,816,May
Apple,Shoes,426,7,2982,Jan
Nike,Laptop,350,5,1750,Mar
HP,Galaxy,581,9,5229,Mar
Samsung,iPhone,617,1,617,Apr
Nike,iPhone,484,5,2420,Jun
Apple,Laptop,798,7,5586,Dec
HP,Laptop,377,5,1885,Jun
Apple,Shoes,726,7,5082,Apr
Samsung,Shoes,488,4,1952,Feb
Apple,PlayStation,808,6,4848,Oct
Nike,iPhone,646,8,5168,Apr
Nike,iPhone,754,10,7540,Jan
Samsung,Galaxy,625,7,4375,Jun
Sony,Laptop,207,3,621,Aug
Sony,PlayStation,860,7,6020,Feb
Nike,Shoes,169,2,338,Nov
HP,Galaxy,562,10,5620,Oct
Nike,Galaxy,895,8,7160,Jul
Samsung,iPhone,241,10,2410,Dec
Nike,Galaxy,957,4,3828,Nov
Sony,Laptop,192,5,960,Jan
Sony,PlayStation,961,2,1922,Jan
Apple,Laptop,464,3,1392,Oct
Apple,PlayStation,1000,4,4000,Nov
HP,Laptop,819,6,4914,Jan
Nike,Galaxy,912,4,3648,Feb
HP,Shoes,279,8,2232,Sep
Sony,iPhone,777,3,2331,Oct
HP,PlayStation,738,8,5904,Apr
HP,PlayStation,598,4,2392,Oct
Nike,Galaxy,131,1,131,May
Apple,Galaxy,880,1,880,Jul
Sony,iPhone,255,10,2550,Apr
Nike,Galaxy,138,9,1242,Dec
Nike,Galaxy,892,10,8920,Dec
Samsung,PlayStation,225,8,1800,Oct
Samsung,Laptop,257,9,2313,Jun
Apple,iPhone,315,9,2835,Mar
Apple,Galaxy,701,9,6309,Jun
Sony,iPhone,982,1,982,Feb
Apple,Galaxy,535,10,5350,May
Samsung,Galaxy,314,3,942,Jan
Sony,Laptop,194,4,776,Aug
Samsung,Shoes,630,8,5040,Mar
Nike,Laptop,726,3,2178,Dec
Nike,PlayStation,959,7,6713,Nov
Sony,Laptop,825,8,6600,Aug
Nike,PlayStation,653,10,6530,Aug
Nike,iPhone,628,8,5024,Nov
Samsung,Shoes,316,1,316,Apr
Samsung,Laptop,487,10,4870,Dec
Samsung,Galaxy,145,8,1160,Oct
Samsung,PlayStation,826,9,7434,Aug
Apple,Laptop,576,2,1152,Sep
Sony,iPhone,520,6,3120,Jan
HP,Laptop,999,3,2997,Sep
Apple,PlayStation,297,10,2970,Apr
Apple,iPhone,144,2,288,Feb
Samsung,iPhone,649,8,5192,Dec
Apple,iPhone,423,6,2538,Jan
Nike,Galaxy,389,5,1945,Oct
Samsung,PlayStation,381,8,3048,Feb
Sony,iPhone,395,4,1580,Aug
Samsung,Shoes,224,5,1120,Jul
Apple,iPhone,871,6,5226,Jun
Sony,iPhone,103,2,206,Jan
Sony,Laptop,481,7,3367,Mar
Nike,Laptop,415,4,1660,Jul
Samsung,iPhone,858,3,2574,Aug
Apple,PlayStation,248,2,496,Aug
HP,PlayStation,768,1,768,Mar
Apple,PlayStation,796,6,4776,Nov
HP,Galaxy,152,6,912,Apr
HP,Laptop,268,9,2412,Apr
Sony,PlayStation,928,7,6496,Apr
Samsung,Shoes,823,3,2469,Dec
Apple,Laptop,608,7,4256,May
Nike,PlayStation,659,9,5931,Jun
Apple,Galaxy,362,8,2896,Sep
Nike,PlayStation,478,4,1912,Dec
HP,Laptop,901,4,3604,Sep
Samsung,PlayStation,334,8,2672,Jan
Nike,PlayStation,221,6,1326,Mar
Apple,iPhone,939,1,939,Apr
Nike,Galaxy,577,7,4039,Jul
Nike,iPhone,752,1,752,Jan
Apple,Laptop,859,8,6872,Mar
Nike,PlayStation,947,5,4735,Nov
Apple,Laptop,511,5,2555,Jul
HP,PlayStation,913,4,3652,Oct
Samsung,Laptop,591,9,5319,Feb
Nike,Laptop,137,5,685,Feb
HP,Laptop,676,1,676,Feb
Apple,PlayStation,332,2,664,Oct
HP,Shoes,369,4,1476,Nov
Nike,Shoes,195,1,195,Jun
Sony,PlayStation,613,1,613,May
Samsung,PlayStation,870,8,6960,Jan
Samsung,PlayStation,342,4,1368,Sep
Sony,PlayStation,389,3,1167,Mar
Nike,Laptop,412,4,1648,Mar
Samsung,Galaxy,259,2,518,Feb
Apple,Shoes,687,10,6870,Jul
HP,Galaxy,486,10,4860,May
Sony,Laptop,692,5,3460,Jan
Sony,Galaxy,465,2,930,Oct
Sony,PlayStation,151,10,1510,Apr
Sony,Shoes,167,5,835,Mar
Nike,iPhone,209,4,836,Dec
Samsung,iPhone,488,5,2440,Jul
HP,iPhone,583,2,1166,Apr
Apple,Shoes,838,6,5028,Mar
Samsung,Laptop,163,7,1141,Oct
Samsung,PlayStation,898,4,3592,Sep
HP,Laptop,803,10,8030,Apr
HP,Galaxy,164,8,1312,Aug
Nike,Galaxy,160,4,640,Jul
Apple,Shoes,872,10,8720,Jul
Nike,Laptop,413,8,3304,Jul
Samsung,Galaxy,491,7,3437,Mar
Nike,iPhone,279,7,1953,Jul
Sony,iPhone,588,4,2352,Jul
Nike,iPhone,374,7,2618,Jun
Samsung,Shoes,839,10,8390,Sep
Apple,Galaxy,888,9,7992,Mar
HP,PlayStation,366,6,2196,Sep
Apple,Laptop,255,4,1020,Jan
Samsung,Shoes,682,9,6138,Jan
Apple,iPhone,453,5,2265,May
Nike,PlayStation,675,1,675,Jun
Samsung,Galaxy,821,9,7389,Dec
Samsung,iPhone,758,3,2274,Feb
HP,PlayStation,702,7,4914,Jun
Nike,Shoes,557,9,5013,May
Apple,Laptop,568,1,568,Mar
Apple,Galaxy,791,8,6328,Apr
Sony,Shoes,534,4,2136,Nov
Sony,Shoes,861,2,1722,Apr
Samsung,Galaxy,552,8,4416,Jan
HP,Galaxy,415,2,830,Mar
Nike,Galaxy,188,5,940,Jul
Samsung,Laptop,676,9,6084,Jun
Nike,Laptop,369,2,738,Apr
HP,PlayStation,292,4,1168,Jul
Nike,Galaxy,699,7,4893,Aug
Sony,Galaxy,127,2,254,Apr
Samsung,Laptop,919,1,919,May
HP,Galaxy,671,1,671,Jan
Samsung,Galaxy,188,9,1692,Aug
Apple,Galaxy,422,5,2110,Feb
HP,Shoes,642,9,5778,Aug
Apple,PlayStation,574,9,5166,Jun
Nike,Galaxy,738,9,6642,Dec
Samsung,Shoes,665,7,4655,Sep
Nike,PlayStation,549,8,4392,Jan
Samsung,Shoes,473,7,3311,May
Sony,Laptop,991,4,3964,Jan
HP,Galaxy,513,6,3078,Sep
Sony,Galaxy,118,5,590,Jun
Sony,PlayStation,681,4,2724,Nov
Apple,Shoes,390,7,2730,Jun
HP,Laptop,930,5,4650,Sep
Nike,PlayStation,599,1,599,Feb
Sony,PlayStation,606,2,1212,Dec
Apple,Galaxy,834,8,6672,Aug
Samsung,Galaxy,457,5,2285,Aug
Sony,PlayStation,589,9,5301,Feb
Sony,Laptop,759,4,3036,May
Samsung,Shoes,205,8,1640,May
Samsung,PlayStation,848,9,7632,Mar
HP,Laptop,864,2,1728,Feb
Apple,PlayStation,927,1,927,Apr
Apple,iPhone,126,7,882,May
Sony,Galaxy,486,5,2430,Jun
Apple,Galaxy,288,2,576,Jun
Apple,Shoes,542,2,1084,May
Apple,iPhone,239,10,2390,Jan
Apple,iPhone,198,3,594,Apr
Nike,Galaxy,337,8,2696,Jun
Apple,Laptop,108,8,864,Dec
HP,Galaxy,586,4,2344,Aug
Samsung,Galaxy,646,3,1938,Mar
Apple,Laptop,609,8,4872,Apr
Sony,Galaxy,866,5,4330,Apr
HP,Laptop,128,7,896,Jun
Nike,iPhone,869,7,6083,Jan
HP,iPhone,567,2,1134,Dec
Sony,Laptop,300,3,900,Sep
Samsung,PlayStation,370,7,2590,Mar
Apple,Shoes,877,8,7016,May
Samsung,Shoes,338,4,1352,May
Apple,Laptop,847,7,5929,Dec
Sony,Galaxy,505,5,2525,Apr
Nike,Shoes,746,9,6714,Nov
Sony,iPhone,341,4,1364,Feb
Nike,Shoes,428,10,4280,Aug
HP,Galaxy,455,7,3185,Apr
Apple,Shoes,707,2,1414,Feb
HP,Galaxy,390,3,1170,Jul
Sony,Galaxy,685,10,6850,Mar
Apple,Galaxy,845,8,6760,Jan
Sony,iPhone,654,2,1308,Aug
Apple,Galaxy,113,6,678,Apr
Apple,Shoes,253,7,1771,Mar
Nike,Galaxy,430,7,3010,Mar
HP,Shoes,745,6,4470,Jun
Sony,PlayStation,696,2,1392,Jun
Sony,Shoes,447,8,3576,Jul
Sony,iPhone,961,7,6727,Sep
Nike,iPhone,927,5,4635,Jun
Sony,iPhone,491,1,491,Jul
HP,Laptop,161,8,1288,Mar
Nike,Galaxy,331,2,662,Jun
Samsung,Galaxy,168,4,672,Aug
Sony,Galaxy,337,9,3033,Sep
Samsung,iPhone,898,2,1796,Nov
Sony,PlayStation,686,3,2058,Aug
Nike,iPhone,702,8,5616,Oct
HP,Shoes,568,8,4544,Jul
Samsung,Galaxy,827,4,3308,Dec
Apple,Laptop,894,4,3576,Mar
Sony,PlayStation,249,9,2241,Jan
HP,Shoes,794,9,7146,Feb
Samsung,Laptop,191,4,764,Mar
Apple,Shoes,988,6,5928,Oct
Apple,PlayStation,414,1,414,Dec
Sony,iPhone,599,10,5990,Mar
Sony,Shoes,492,4,1968,Apr
HP,Laptop,581,5,2905,Mar
HP,Shoes,399,3,1197,Mar
Apple,Laptop,733,7,5131,Aug
Sony,PlayStation,765,1,765,Dec
Apple,Laptop,101,9,909,Jan
HP,Galaxy,388,4,1552,Dec
Apple,iPhone,1000,7,7000,Jan
HP,iPhone,226,2,452,Apr
Sony,Laptop,691,1,691,May
HP,Galaxy,496,10,4960,Jun
Apple,Galaxy,591,10,5910,Sep
Apple,iPhone,714,7,4998,Apr
Apple,PlayStation,233,10,2330,Jul
Sony,iPhone,869,10,8690,Aug
HP,Laptop,615,5,3075,Sep
Apple,PlayStation,544,9,4896,Feb
Samsung,Laptop,807,10,8070,Aug
Nike,Laptop,497,1,497,Jun
Apple,PlayStation,714,2,1428,Jan
Sony,iPhone,875,5,4375,Sep
Nike,Laptop,578,9,5202,Jan
Apple,Galaxy,480,8,3840,Feb
Sony,Galaxy,387,1,387,Apr
Samsung,PlayStation,852,2,1704,May
Sony,Shoes,466,3,1398,Dec
Apple,PlayStation,313,2,626,Apr
Nike,Shoes,821,8,6568,Oct
Apple,Laptop,558,9,5022,Apr
Apple,iPhone,832,9,7488,Jan
HP,Galaxy,487,8,3896,Aug
Apple,PlayStation,216,3,648,Jun
Sony,iPhone,906,10,9060,May
Samsung,Laptop,571,4,2284,Dec
Sony,PlayStation,492,2,984,Mar
HP,Galaxy,341,5,1705,Sep
Samsung,iPhone,557,6,3342,Feb
Apple,Galaxy,287,1,287,Feb
Nike,Laptop,722,6,4332,Oct
Sony,Galaxy,186,8,1488,Oct
Sony,PlayStation,215,10,2150,Feb
Samsung,iPhone,202,10,2020,May
HP,iPhone,785,9,7065,Sep
Sony,Galaxy,217,8,1736,Mar
Samsung,iPhone,901,10,9010,Oct
Samsung,Galaxy,111,7,777,May
Samsung,Laptop,907,3,2721,Dec
Nike,Shoes,341,7,2387,Jan
Nike,iPhone,529,10,5290,Apr
Samsung,iPhone,625,3,1875,Jan
Samsung,Galaxy,513,5,2565,Jun
Apple,iPhone,905,10,9050,Sep
Nike,iPhone,663,7,4641,Jul
Sony,Shoes,117,8,936,May
Apple,PlayStation,802,6,4812,Nov
Apple,Galaxy,726,8,5808,Sep
HP,Laptop,885,6,5310,Nov
Apple,Galaxy,757,4,3028,Feb
Sony,PlayStation,884,3,2652,Jul
Samsung,iPhone,122,4,488,Jun
Nike,PlayStation,834,10,8340,Jun
Sony,PlayStation,124,9,1116,Dec
HP,Laptop,983,1,983,Jul
HP,Laptop,969,5,4845,Aug
Apple,Laptop,187,7,1309,Jan
Apple,iPhone,487,4,1948,Jan
Sony,Shoes,770,5,3850,Aug
HP,iPhone,865,2,1730,Mar
HP,PlayStation,879,1,879,Feb
Nike,PlayStation,640,4,2560,Jul
Apple,PlayStation,541,7,3787,Jun
HP,Shoes,737,8,5896,Nov
Apple,PlayStation,613,1,613,Mar
Samsung,iPhone,673,3,2019,May
Samsung,Galaxy,470,9,4230,May
HP,Laptop,609,2,1218,Nov
Samsung,iPhone,725,9,6525,Oct
Apple,Shoes,848,3,2544,Sep
HP,Laptop,624,2,1248,Aug
Sony,Laptop,153,4,612,Sep
Sony,Galaxy,316,2,632,Aug
Samsung,Galaxy,393,1,393,Dec
Nike,iPhone,312,8,2496,Mar
Sony,Galaxy,393,2,786,Feb
Sony,PlayStation,651,2,1302,Oct
Samsung,Shoes,833,8,6664,Nov
Samsung,Galaxy,551,8,4408,Jun
Sony,Shoes,903,3,2709,Mar
Samsung,PlayStation,255,5,1275,Mar
Nike,Galaxy,131,3,393,Sep
Sony,Galaxy,359,8,2872,Oct
Samsung,Laptop,241,5,1205,Apr
Sony,Laptop,907,8,7256,Jul
Sony,Shoes,474,4,1896,Jun
Samsung,Laptop,177,6,1062,Jul
Sony,Laptop,999,7,6993,Jan
Nike,Galaxy,248,7,1736,Dec
HP,iPhone,427,9,3843,Dec
Sony,iPhone,605,4,2420,Jun
Nike,PlayStation,389,2,778,Feb
Nike,iPhone,837,4,3348,Aug
Nike,Galaxy,490,2,980,Feb
HP,PlayStation,756,2,1512,Apr
Apple,Galaxy,840,6,5040,Oct
Apple,Shoes,991,2,1982,Nov
Samsung,Shoes,332,3,996,Apr
Nike,iPhone,186,7,1302,Aug
HP,Galaxy,592,3,1776,Jul
Samsung,Shoes,590,5,2950,Jun
Nike,iPhone,385,4,1540,Nov
HP,Galaxy,921,2,1842,Mar
Sony,Galaxy,721,5,3605,Oct
Apple,Galaxy,935,8,7480,Oct
Samsung,Laptop,442,1,442,Jul
Nike,Galaxy,967,3,2901,Feb
Nike,Galaxy,211,8,1688,Mar
Nike,iPhone,175,1,175,Jul
Sony,iPhone,819,9,7371,Jun
HP,iPhone,470,4,1880,Feb
Nike,Shoes,203,2,406,Aug
Samsung,PlayStation,443,6,2658,Jun
HP,Laptop,167,7,1169,Sep
Samsung,Laptop,988,7,6916,Oct
Apple,iPhone,809,6,4854,Aug
Apple,iPhone,528,2,1056,Oct
HP,Shoes,941,8,7528,Jul
HP,Laptop,931,4,3724,Jan
Samsung,Galaxy,424,6,2544,Feb
Apple,Laptop,502,6,3012,Jul
Apple,iPhone,801,1,801,May
Apple,PlayStation,111,1,111,Nov
Nike,Laptop,828,4,3312,Sep
Apple,PlayStation,810,8,6480,Jan
Sony,Shoes,771,5,3855,Dec
Samsung,Laptop,320,4,1280,Dec
HP,PlayStation,397,6,2382,Nov
Samsung,Shoes,339,8,2712,Mar
HP,iPhone,808,7,5656,Mar
Sony,Laptop,922,10,9220,Jun
Apple,Shoes,766,5,3830,Apr
Apple,Laptop,749,3,2247,Feb
Apple,Shoes,604,10,6040,Aug
HP,PlayStation,707,1,707,Dec
Samsung,Laptop,466,3,1398,Jan
Samsung,Galaxy,840,6,5040,Aug
Nike,Galaxy,970,8,7760,Jun
Samsung,PlayStation,208,3,624,Dec
Samsung,iPhone,363,4,1452,Jul
Nike,Laptop,474,4,1896,Feb
HP,Shoes,356,6,2136,Nov
Sony,PlayStation,719,6,4314,Apr
Samsung,Galaxy,205,7,1435,Nov
Sony,Shoes,500,5,2500,Mar
HP,Shoes,582,8,4656,Sep
Apple,iPhone,467,3,1401,Jul
Samsung,iPhone,128,9,1152,Oct
HP,PlayStation,360,2,720,Mar
Apple,Shoes,700,7,4900,Mar
Sony,Shoes,899,6,5394,Oct
Samsung,Galaxy,699,2,1398,Nov
Sony,Galaxy,114,7,798,Mar
Sony,iPhone,612,7,4284,Mar
Apple,Shoes,152,2,304,Jun
Sony,Laptop,282,2,564,Jul
Samsung,Galaxy,212,2,424,Jul
HP,Shoes,628,10,6280,Jul
Apple,PlayStation,970,9,8730,Oct
Sony,PlayStation,318,3,954,Oct
Samsung,Laptop,682,4,2728,Jul
Apple,PlayStation,267,8,2136,Jul
Samsung,Shoes,142,8,1136,Dec
Apple,Shoes,381,4,1524,Oct
Apple,Laptop,832,2,1664,Oct
Apple,Laptop,487,7,3409,Jun
Samsung,iPhone,178,8,1424,Jul
Apple,Laptop,810,5,4050,Jan
Nike,PlayStation,616,1,616,Jul
Sony,Galaxy,218,4,872,Jan
Samsung,iPhone,576,3,1728,Jun
Nike,Shoes,251,3,753,Jul
Sony,Laptop,718,2,1436,Aug
Apple,Laptop,987,7,6909,Oct
Samsung,iPhone,896,4,3584,Dec
Samsung,Laptop,319,4,1276,Mar
Nike,Shoes,254,8,2032,Dec
Samsung,iPhone,973,3,2919,Dec
Samsung,Galaxy,682,7,4774,May
HP,Galaxy,950,9,8550,Oct
Nike,Laptop,589,8,4712,May
HP,Laptop,250,8,2000,Nov
HP,Shoes,745,8,5960,Apr
Apple,Shoes,899,4,3596,May
Apple,PlayStation,191,6,1146,Feb
Samsung,Galaxy,597,7,4179,Sep
Samsung,Shoes,707,10,7070,Sep
Samsung,Shoes,551,3,1653,May
Nike,Laptop,779,8,6232,Mar
Sony,PlayStation,163,3,489,Jun
HP,iPhone,919,2,1838,Apr
Nike,PlayStation,990,10,9900,Aug
Apple,iPhone,817,1,817,Apr
Apple,Shoes,407,10,4070,Nov
Sony,Shoes,258,4,1032,Sep
Sony,iPhone,586,3,1758,Apr
Nike,Laptop,708,2,1416,Dec
Nike,Galaxy,719,5,3595,Apr
HP,Shoes,726,5,3630,Aug
Nike,PlayStation,602,4,2408,Mar
HP,Shoes,543,3,1629,Oct
Samsung,PlayStation,465,2,930,Jun
Nike,Shoes,641,5,3205,Dec
Samsung,iPhone,948,7,6636,Nov
Sony,iPhone,771,7,5397,Oct
Apple,PlayStation,730,10,7300,Jun
Apple,iPhone,853,6,5118,Sep
Apple,Galaxy,277,5,1385,Feb
Sony,Shoes,482,9,4338,Dec
Sony,Shoes,355,6,2130,Jul
HP,iPhone,735,5,3675,May
HP,iPhone,806,6,4836,May
Apple,Shoes,128,10,1280,Jan
Apple,PlayStation,242,4,968,Nov
Apple,Shoes,758,8,6064,Mar
Sony,Shoes,857,6,5142,Apr
HP,iPhone,146,6,876,Aug
HP,Laptop,809,4,3236,Mar
Nike,PlayStation,513,6,3078,Jun
Nike,Shoes,533,3,1599,Jul
Samsung,iPhone,758,9,6822,Dec
Nike,Laptop,646,3,1938,Nov
Apple,Shoes,209,7,1463,Oct
HP,Galaxy,780,10,7800,Mar
Samsung,PlayStation,274,10,2740,Mar
Samsung,iPhone,581,8,4648,Jul
HP,iPhone,779,6,4674,Jul
Sony,Galaxy,885,10,8850,Jul
Apple,Laptop,988,10,9880,Jul
HP,iPhone,863,2,1726,Jan
Samsung,Galaxy,168,7,1176,Dec
HP,Laptop,899,5,4495,Dec
Sony,iPhone,817,3,2451,Feb
Apple,iPhone,198,2,396,May
Apple,Galaxy,319,10,3190,Mar
Apple,PlayStation,986,6,5916,Sep
HP,iPhone,353,6,2118,Apr
Nike,Laptop,731,9,6579,May
Sony,iPhone,761,1,761,Feb
Sony,PlayStation,946,3,2838,Dec
HP,PlayStation,136,9,1224,Aug
Sony,Galaxy,923,6,5538,Jul
Apple,Shoes,922,4,3688,Jun
Samsung,iPhone,589,3,1767,Mar
Samsung,Galaxy,461,3,1383,Oct
Nike,iPhone,685,10,6850,Nov
Nike,Galaxy,885,5,4425,Sep
Sony,Shoes,754,9,6786,Mar
Sony,Shoes,368,2,736,Aug
HP,Shoes,499,4,1996,May
HP,Laptop,195,6,1170,Aug
HP,iPhone,268,10,2680,Jun
Samsung,Laptop,549,8,4392,Feb
Samsung,Laptop,671,2,1342,Jun
Nike,Laptop,619,2,1238,Jan
Nike,iPhone,568,10,5680,Jul
HP,Laptop,509,9,4581,Jan
Nike,Galaxy,728,7,5096,Dec
Nike,Galaxy,838,6,5028,Sep
Nike,iPhone,979,4,3916,Jan
Sony,iPhone,628,5,3140,Sep
Samsung,iPhone,671,8,5368,Sep
Apple,Galaxy,708,4,2832,May
Apple,PlayStation,687,7,4809,Jul
Nike,Galaxy,344,10,3440,Jan
Apple,PlayStation,307,7,2149,Jul
Samsung,iPhone,585,10,5850,Dec
Apple,Galaxy,736,7,5152,Sep
Sony,Galaxy,188,8,1504,Oct
Nike,Laptop,255,3,765,Jul
Sony,Shoes,414,9,3726,Feb
HP,Laptop,746,1,746,Nov
Apple,PlayStation,668,5,3340,Jul
Samsung,iPhone,752,2,1504,Feb
Apple,Galaxy,318,7,2226,Dec
Nike,PlayStation,577,2,1154,Oct
HP,Shoes,299,1,299,Jul
Nike,Shoes,773,10,7730,Jul
HP,Galaxy,233,10,2330,Oct
Samsung,iPhone,351,10,3510,Dec
HP,Shoes,838,9,7542,Dec
Sony,Shoes,458,3,1374,Feb
Nike,Galaxy,929,4,3716,Mar
Apple,Shoes,543,10,5430,Jun
Apple,Shoes,856,1,856,Nov
Apple,Galaxy,146,9,1314,Apr
Nike,Laptop,651,2,1302,Apr
HP,Laptop,204,2,408,Aug
Nike,PlayStation,946,10,9460,Jun
Samsung,iPhone,470,3,1410,Feb
Samsung,iPhone,165,9,1485,Feb
Samsung,Galaxy,133,8,1064,Feb
Samsung,PlayStation,891,3,2673,Jun
HP,Shoes,483,4,1932,May
Nike,PlayStation,218,8,1744,Jan
Apple,iPhone,154,9,1386,Nov
Apple,Shoes,860,9,7740,Oct
HP,PlayStation,477,4,1908,Mar
Nike,Shoes,395,7,2765,May
Sony,iPhone,475,5,2375,Jun
Sony,Galaxy,782,10,7820,Nov
Apple,Shoes,725,1,725,Mar
Samsung,Laptop,864,4,3456,Aug
Sony,Shoes,838,8,6704,Jan
Samsung,PlayStation,923,2,1846,Sep
HP,Laptop,237,5,1185,May
Samsung,Shoes,739,7,5173,Aug
Sony,Shoes,911,5,4555,May
Samsung,Laptop,474,7,3318,Apr
Samsung,Laptop,270,9,2430,Jan
Samsung,Shoes,459,8,3672,Jan
Samsung,iPhone,827,4,3308,Dec
Nike,Laptop,561,4,2244,Mar
Samsung,Shoes,995,3,2985,Feb
Sony,Galaxy,428,4,1712,Feb
Apple,Shoes,664,6,3984,Jun
Samsung,Laptop,476,3,1428,Jul
Sony,PlayStation,292,2,584,Feb
HP,iPhone,165,4,660,Nov
Sony,iPhone,133,7,931,Apr
Nike,Shoes,710,6,4260,Oct
Sony,Laptop,245,10,2450,May
Nike,iPhone,381,9,3429,Apr
HP,PlayStation,233,10,2330,Sep
Sony,iPhone,769,6,4614,May
HP,Galaxy,187,1,187,Jun
Sony,Shoes,868,10,8680,Sep
Samsung,PlayStation,910,4,3640,Jan
Sony,Shoes,718,7,5026,Sep
Apple,Laptop,441,2,882,Jan
Samsung,Laptop,793,8,6344,Aug
Samsung,iPhone,894,9,8046,Sep
HP,Laptop,303,10,3030,Mar
Nike,Laptop,696,3,2088,Apr
Nike,Galaxy,367,3,1101,Jul
HP,Galaxy,121,1,121,Jan
Nike,Galaxy,168,6,1008,Apr
Nike,PlayStation,348,2,696,Oct
Apple,Shoes,462,4,1848,Jun
Nike,PlayStation,933,7,6531,Mar
Nike,PlayStation,738,4,2952,Nov
Nike,Laptop,999,4,3996,Jul
Sony,iPhone,543,4,2172,Sep
Apple,Galaxy,920,3,2760,May
Sony,iPhone,747,3,2241,Jun
HP,Shoes,314,8,2512,Feb
Apple,Shoes,148,7,1036,Jun
Samsung,Galaxy,143,5,715,Aug
Apple,Galaxy,907,1,907,Jan
Nike,iPhone,268,10,2680,Jul
Nike,Galaxy,526,5,2630,Aug
Samsung,Shoes,141,4,564,Jan
Sony,Laptop,728,5,3640,Oct
HP,iPhone,799,2,1598,Jan
HP,Galaxy,248,7,1736,Jul
Samsung,Shoes,844,1,844,Mar
HP,Shoes,252,7,1764,Jan
HP,Laptop,635,3,1905,Dec
Sony,iPhone,194,3,582,Apr
Apple,Galaxy,116,4,464,Jul
Nike,iPhone,218,2,436,Nov
Sony,Laptop,579,3,1737,Jun
Apple,Laptop,503,1,503,May
Sony,PlayStation,442,2,884,Jul
Nike,Laptop,388,10,3880,Jun
Sony,Galaxy,267,6,1602,May
Nike,Shoes,585,6,3510,Dec
HP,Shoes,612,2,1224,May
Sony,iPhone,605,2,1210,Dec
HP,iPhone,188,7,1316,Feb
HP,iPhone,505,3,1515,Jun
Samsung,iPhone,528,5,2640,Jan
Sony,Laptop,791,2,1582,May
Sony,iPhone,183,5,915,Apr
Samsung,Galaxy,516,7,3612,Feb
Sony,Shoes,577,3,1731,Nov
Apple,Shoes,105,9,945,Jun
Samsung,Shoes,527,3,1581,Apr
HP,Galaxy,322,3,966,Jul
Sony,PlayStation,836,4,3344,Sep
Nike,Galaxy,744,1,744,Sep
HP,PlayStation,610,1,610,Jun
Samsung,iPhone,964,10,9640,May
Samsung,Galaxy,919,8,7352,Mar
HP,Shoes,156,10,1560,Feb
Nike,Shoes,491,10,4910,Jun
HP,Galaxy,498,9,4482,Aug
HP,PlayStation,580,10,5800,Oct
Nike,PlayStation,366,3,1098,May
HP,PlayStation,551,4,2204,Sep
HP,Shoes,377,8,3016,Apr
Apple,iPhone,390,3,1170,Dec
Sony,iPhone,845,6,5070,Aug
Sony,iPhone,386,9,3474,Aug
HP,Shoes,637,2,1274,Aug
Nike,Laptop,426,3,1278,Feb
Samsung,Galaxy,517,1,517,Apr
HP,iPhone,887,4,3548,Jul
Samsung,Shoes,983,3,2949,Dec
Samsung,iPhone,121,10,1210,Jan
Apple,iPhone,346,7,2422,May
Samsung,Laptop,339,2,678,Jul
Nike,iPhone,652,3,1956,Sep
Nike,Shoes,105,5,525,Dec
Samsung,Laptop,657,6,3942,Jan
Nike,iPhone,233,4,932,Dec
HP,Galaxy,386,3,1158,Jul
Sony,Galaxy,462,4,1848,Jul
Samsung,Shoes,807,4,3228,Apr
Nike,Galaxy,648,1,648,Oct
Samsung,Galaxy,152,6,912,Jun
HP,Shoes,165,7,1155,Oct
Apple,Shoes,419,7,2933,Jan
Apple,Shoes,141,4,564,Nov
Samsung,Shoes,569,3,1707,Apr
Sony,Laptop,921,2,1842,Aug
Samsung,iPhone,427,7,2989,Jan
HP,Galaxy,470,4,1880,Apr
Sony,Galaxy,681,4,2724,Feb
Sony,Shoes,720,7,5040,May
Nike,iPhone,913,6,5478,Sep
Samsung,Galaxy,228,3,684,Feb
HP,PlayStation,178,1,178,Apr
Nike,Galaxy,856,2,1712,Jan
Nike,Galaxy,861,1,861,Dec
Apple,iPhone,531,2,1062,Sep
Nike,PlayStation,513,5,2565,Mar
HP,Laptop,837,2,1674,Jun
Samsung,Laptop,160,2,320,Sep
HP,Shoes,886,3,2658,Feb
Apple,Laptop,963,4,3852,Sep
Apple,iPhone,259,6,1554,Oct
Sony,Galaxy,841,2,1682,Mar
Apple,PlayStation,659,4,2636,Aug
